,Name,Symbol,NSE symbol,URL
MILTON,3M India,MI42,MILTON,/india/stockpricequote/diversified/3mindia/MI42
AARTIDRUGS,Aarti Drugs,AD,AARTIDRUGS,/india/stockpricequote/pharmaceuticals/aartidrugs/AD
ABB,ABB India,ABB,ABB,/india/stockpricequote/infrastructuregeneral/abbindia/ABB
ADANIPORTS,Adani Ports,MPS,ADANIPORTS,/india/stockpricequote/infrastructuregeneral/adaniportsspecialeconomiczone/MPS
ATGL,Adani Total Gas,ADG01,ATGL,/india/stockpricequote/gasdistribution/adanitotalgas/ADG01
ABFRL,Aditya Birla F,PFR,ABFRL,/india/stockpricequote/retail/adityabirlafashionretail/PFR
AIAENG,AIA Engineering,AIE01,AIAENG,/india/stockpricequote/castingsforgings/aiaengineering/AIE01
AJANTPHARM,Ajanta Pharma,AP22,AJANTPHARM,/india/stockpricequote/pharmaceuticals/ajantapharma/AP22
AKZOINDIA,Akzo Nobel,ICI,AKZOINDIA,/india/stockpricequote/paintsvarnishes/akzonobelindia/ICI
AMRUTANJAN,Alembic,A08,AMRUTANJAN,/india/stockpricequote/pharmaceuticals/alembic/A08
APCOTEXIND,Alkem Lab,AL05,APCOTEXIND,/india/stockpricequote/pharmaceuticals/alkemlaboratories/AL05
ALKYLAMINE,Alkyl Amines,AAC,ALKYLAMINE,/india/stockpricequote/chemicals/alkylamineschemicals/AAC
AVSL,Alok Industries,AI54,AVSL,/india/stockpricequote/textilesweaving/alokindustries/AI54
AMARAJABAT,Amara Raja Batt,ARB,AMARAJABAT,/india/stockpricequote/autoancillaries/amararajabatteries/ARB
AMBER,Amber Enterpris,AEI01,AMBER,/india/stockpricequote/miscellaneous/amberenterprisesindialimited/AEI01
APLAPOLLO,APL Apollo,BT09,APLAPOLLO,/india/stockpricequote/steeltubespipes/aplapollotubes/BT09
APOLLOHOSP,Apollo Hospital,AHE,APOLLOHOSP,/india/stockpricequote/hospitalsmedicalservices/apollohospitalsenterprises/AHE
APTECHT,Apollo Tyres,AT14,APTECHT,/india/stockpricequote/tyres/apollotyres/AT14
ASHOKLEY,Ashok Leyland,AL,ASHOKLEY,/india/stockpricequote/autolcvshcvs/ashokleyland/AL
ASHOKA,Ashoka Buildcon,AB,ASHOKA,/india/stockpricequote/constructioncontractingcivil/ashokabuildcon/AB
ASTERDM,Aster DM Health,ADH,ASTERDM,/india/stockpricequote/diversified/asterdmhealthcareltd/ADH
ASTRAL,Astral Ltd,APT02,ASTRAL,/india/stockpricequote/plastics/astrallimited/APT02
ATUL,Atul,A06,ATUL,/india/stockpricequote/chemicals/atul/A06
AUROPHARMA,Aurobindo Pharm,AP,AUROPHARMA,/india/stockpricequote/pharmaceuticals/aurobindopharma/AP
AVANTIFEED,Avanti Feeds,AF21,AVANTIFEED,/india/stockpricequote/aquaculture/avantifeeds/AF21
ALMONDZ,Avenue Supermar,AS19,ALMONDZ,/india/stockpricequote/retail/avenuesupermarts/AS19
BAJAJELEC,Bajaj Electric,BE,BAJAJELEC,/india/stockpricequote/domesticappliances/bajajelectricals/BE
BAJFINANCE,Bajaj Finance,BAF,BAJFINANCE,/india/stockpricequote/financeleasinghirepurchase/bajajfinance/BAF
BAJAJFINSV,Bajaj Finserv,BF04,BAJAJFINSV,/india/stockpricequote/financeinvestments/bajajfinserv/BF04
BALAMINES,Balaji Amines,BA05,BALAMINES,/india/stockpricequote/chemicals/balajiamines/BA05
BALKRISIND,Balkrishna Ind,BI03,BALKRISIND,/india/stockpricequote/tyres/balkrishnaindustries/BI03
BALMLAWRIE,Balmer Lawrie,BLC,BALMLAWRIE,/india/stockpricequote/diversified/balmerlawriecompany/BLC
BALRAMCHIN,Balrampur Chini,BCM,BALRAMCHIN,/india/stockpricequote/sugar/balrampurchinimills/BCM
BANDHANBNK,Bandhan Bank,BB09,BANDHANBNK,/india/stockpricequote/banksprivatesector/bandhanbank/BB09
BANKBARODA,Bank of Baroda,BOB,BANKBARODA,/india/stockpricequote/bankspublicsector/bankofbaroda/BOB
BANKINDIA,Bank of India,BOI,BANKINDIA,/india/stockpricequote/bankspublicsector/bankofindia/BOI
MAHABANK,Bank of Mah,BM05,MAHABANK,/india/stockpricequote/bankspublicsector/bankmaharashtra/BM05
BASF,BASF,BAS,BASF,/india/stockpricequote/chemicals/basfindia/BAS
BATAINDIA,Bata India,BI01,BATAINDIA,/india/stockpricequote/leatherproducts/bataindia/BI01
BERGEPAINT,Berger Paints,BPI02,BERGEPAINT,/india/stockpricequote/paintsvarnishes/bergerpaintsindia/BPI02
BDL,Bharat Dynamics,BDL01,BDL,/india/stockpricequote/miscellaneous/bharatdynamicsltd/BDL01
BEL,Bharat Elec,BE03,BEL,/india/stockpricequote/electricals/bharatelectronics/BE03
BHARATRAS,Bharat Rasayan,BR01,BHARATRAS,/india/stockpricequote/pesticidesagrochemicals/bharatrasayan/BR01
BHEL,BHEL,BHE,BHEL,/india/stockpricequote/infrastructuregeneral/bharatheavyelectricals/BHE
BIOCON,Biocon,BL03,BIOCON,/india/stockpricequote/pharmaceuticals/biocon/BL03
BIRLACORPN,Birla Corp,BC07,BIRLACORPN,/india/stockpricequote/cementmajor/birlacorporation/BC07
BLUEDART,Blue Dart,BDE,BLUEDART,/india/stockpricequote/couriers/bluedartexpress/BDE
BLUESTARCO,Blue Star,BS,BLUESTARCO,/india/stockpricequote/consumergoodswhitegoods/bluestar/BS
BBTC,Bombay Burmah,BBT,BBTC,/india/stockpricequote/plantationsteacoffee/bombayburmahtradingcorporation/BBT
BPCL,BPCL,BPC,BPCL,/india/stockpricequote/refineries/bharatpetroleumcorporation/BPC
BRIGADE,Brigade Ent,BE08,BRIGADE,/india/stockpricequote/constructioncontractingrealestate/brigadeenterprises/BE08
BRITANNIA,Britannia,BI,BRITANNIA,/india/stockpricequote/foodprocessing/britanniaindustries/BI
CADILAHC,Cadila Health,CHC,CADILAHC,/india/stockpricequote/pharmaceuticals/cadilahealthcare/CHC
CANFINHOME,Can Fin Homes,CFH,CANFINHOME,/india/stockpricequote/financehousing/canfinhomes/CFH
CANBK,Canara Bank,CB06,CANBK,/india/stockpricequote/bankspublicsector/canarabank/CB06
CAPLIPOINT,Caplin Labs,CPL,CAPLIPOINT,/india/stockpricequote/pharmaceuticals/caplinpointlaboratories/CPL
M&MFIN-RE,Capri Global,MMF05,M&MFIN-RE,/india/stockpricequote/financegeneral/capriglobalcapital/MMF05
CARBORUNIV,Carborundum,CU,CARBORUNIV,/india/stockpricequote/abrasives/carborundumuniversal/CU
CASTROLIND,Castrol,CI01,CASTROLIND,/india/stockpricequote/lubricants/castrolindia/CI01
CCL,CCL Products,CC10,CCL,/india/stockpricequote/plantationsteacoffee/cclproductsindia/CC10
CDSL,CDSL,CDS,CDSL,/india/stockpricequote///CDS
CEATLTD,Ceat,C07,CEATLTD,/india/stockpricequote/tyres/ceat/C07
CENTRALBK,Central Bank,CBO01,CENTRALBK,/india/stockpricequote/bankspublicsector/centralbankindia/CBO01
CENTURYTEX,Century,CTI,CENTURYTEX,/india/stockpricequote/diversified/centurytextilesindustries/CTI
CENTURYPLY,CenturyPlyboard,CP9,CENTURYPLY,/india/stockpricequote/miscellaneous/centuryplyboards/CP9
CHEMPLASTS,Cera Sanitary,CS18,CHEMPLASTS,/india/stockpricequote/ceramicsgranite/cerasanitaryware/CS18
CESC,CESC,CES,CESC,/india/stockpricequote/powergenerationdistribution/cesc/CES
CROMPTON,CG Consumer,CGC01,CROMPTON,/india/stockpricequote/electricals/cromptongreavesconsumerelectrical/CGC01
CHALET,Chalet Hotels,CH03,CHALET,/india/stockpricequote/hotels/chalethotels/CH03
CHAMBLFERT,Chambal Fert,CFC,CHAMBLFERT,/india/stockpricequote/fertilisers/chambalfertiliserschemicals/CFC
CHOLAHLDNG,Chola Fin Hold,TII,CHOLAHLDNG,/india/stockpricequote/miscellaneous/cholamandalamfinancialholdings/TII
CIPLA,Cipla,C,CIPLA,/india/stockpricequote/pharmaceuticals/cipla/C
CUB,City Union Bank,CUB,CUB,/india/stockpricequote/banksprivatesector/cityunionbank/CUB
COFORGE,COFORGE LTD.,NII02,COFORGE,/india/stockpricequote/computerssoftware/coforgelimited/NII02
COLPAL,Colgate,CPI,COLPAL,/india/stockpricequote/personalcare/colgatepalmoliveindia/CPI
CONCOR,Container Corp,CCI,CONCOR,/india/stockpricequote/transportlogistics/containercorporationindia/CCI
CADSYS,Coromandel Int,CI45,CADSYS,/india/stockpricequote/fertilisers/coromandelinternational/CI45
CRISIL,CRISIL,CRI,CRISIL,/india/stockpricequote/miscellaneous/crisil/CRI
CUMMINSIND,Cummins,CI02,CUMMINSIND,/india/stockpricequote/engines/cumminsindia/CI02
CYIENT,Cyient,IE07,CYIENT,/india/stockpricequote/computerssoftware/cyient/IE07
DABUR,Dabur India,DI,DABUR,/india/stockpricequote/personalcare/daburindia/DI
DALBHARAT,Dalmia Bharat,OCL,DALBHARAT,/india/stockpricequote/cementmajor/dalmiabharat/OCL
DCBBANK,DCB Bank,DCB01,DCBBANK,/india/stockpricequote/banksprivatesector/dcbbank/DCB01
DCMSHRIRAM,DCM Shriram,DCM02,DCMSHRIRAM,/india/stockpricequote/diversified/dcmshriram/DCM02
DEEPAKNTR,Deepak Nitrite,DN,DEEPAKNTR,/india/stockpricequote/chemicals/deepaknitrite/DN
DISHTV,Dish TV,DTV,DISHTV,/india/stockpricequote/mediaentertainment/dishtvindia/DTV
DCAL,Dishman Carboge,DCA,DCAL,/india/stockpricequote/miscellaneous/dishmancarbogenamcis/DCA
DIVISLAB,Divis Labs,DL03,DIVISLAB,/india/stockpricequote/pharmaceuticals/divislaboratories/DL03
DIXON,Dixon Technolog,DT07,DIXON,/india/stockpricequote/electricals/dixontechnologies/DT07
DLF,DLF,D04,DLF,/india/stockpricequote/constructioncontractingrealestate/dlf/D04
LALPATHLAB,Dr Lal PathLab,DLP01,LALPATHLAB,/india/stockpricequote/pharmaceuticals/drlalpathlabs/DLP01
DRREDDY,Dr Reddys Labs,DRL,DRREDDY,/india/stockpricequote/pharmaceuticals/drreddyslaboratories/DRL
EICHERMOT,Eicher Motors,EM,EICHERMOT,/india/stockpricequote/autolcvshcvs/eichermotors/EM
EIDPARRY,EID Parry,EID,EIDPARRY,/india/stockpricequote/sugar/eidparryindia/EID
EIHOTEL,EIH,EIH,EIHOTEL,/india/stockpricequote/hotels/eih/EIH
ELGIEQUIP,Elgi Equipments,EE01,ELGIEQUIP,/india/stockpricequote/compressors/elgiequipments/EE01
EMCO,Endurance Techn,ET01,EMCO,/india/stockpricequote/auto23wheelers/endurancetechnologies/ET01
ENGINERSIN,EngineersInd,EI14,ENGINERSIN,/india/stockpricequote/infrastructuregeneral/engineersindia/EI14
EQUITAS,Equitas Holding,EH03,EQUITAS,/india/stockpricequote/financegeneral/equitasholdings/EH03
ESCORTS,Escorts,E,ESCORTS,/india/stockpricequote/autotractors/escorts/E
EXIDEIND,Exide Ind,EI,EXIDEIND,/india/stockpricequote/autoancillaries/exideindustries/EI
FDC,FDC,FDC,FDC,/india/stockpricequote/pharmaceuticals/fdc/FDC
FEDERALBNK,Federal Bank,FB,FEDERALBNK,/india/stockpricequote/banksprivatesector/federalbank/FB
FINEORG,Fine Organics,FOI,FINEORG,/india/stockpricequote/miscellaneous/fineorganicsindustries/FOI
FINCABLES,Finolex Cables,FC01,FINCABLES,/india/stockpricequote/cablestelephone/finolexcables/FC01
FINPIPE,Finolex Ind,FI,FINPIPE,/india/stockpricequote/petrochemicals/finolexindustries/FI
FSL,Firstsource Sol,FS07,FSL,/india/stockpricequote/computerssoftwaremediumsmall/firstsourcesolutions/FS07
FORTIS,Fortis Health,FH,FORTIS,/india/stockpricequote/hospitalsmedicalservices/fortishealthcare/FH
FCONSUMER,Future Consumer,FVI,FCONSUMER,/india/stockpricequote/foodprocessing/futureconsumer/FVI
FRETAIL,Future Retail,FR,FRETAIL,/india/stockpricequote/retail/futureretail/FR
GAIL,GAIL,GAI,GAIL,/india/stockpricequote/oildrillingandexploration/gailindia/GAI
GALAXYSURF,Galaxy Surfacta,GSL06,GALAXYSURF,/india/stockpricequote/miscellaneous/galaxysurfactantsltd/GSL06
GRSE,Garden Reach Sh,GRS01,GRSE,/india/stockpricequote/engineeringheavy/gardenreachshipbuildersengineers/GRS01
GARFIBRES,Garware Technic,GWR,GARFIBRES,/india/stockpricequote/textilesgeneral/garwaretechnicalfibres/GWR
APLLTD,GE Power India,AP29,APLLTD,/india/stockpricequote/powertransmissionequipment/gepowerindia/AP29
GESHIP,GE Shipping,GES,GESHIP,/india/stockpricequote/shipping/greateasternshippingcompany/GES
GICRE,General Insuran,GIC12,GICRE,/india/stockpricequote/diversified/generalinsurancecorporationindia/GIC12
GRANULES,Gillette India,GI22,GRANULES,/india/stockpricequote/personalcare/gilletteindia/GI22
GLENMARK,Glenmark,GP08,GLENMARK,/india/stockpricequote/pharmaceuticals/glenmarkpharma/GP08
GMMPFAUDLR,GMM Pfaudler,GMM01,GMMPFAUDLR,/india/stockpricequote/engineeringheavy/gmmpfaudler/GMM01
GMRINFRA,GMR Infra,GI27,GMRINFRA,/india/stockpricequote/infrastructuregeneral/gmrinfrastructure/GI27
GNFC,GNFC,GNV,GNFC,/india/stockpricequote/fertilisers/gujaratnarmadavalleyfertilizerschemicals/GNV
GODFRYPHLP,Godfrey Phillip,GPI,GODFRYPHLP,/india/stockpricequote/cigarettes/godfreyphillipsindia/GPI
GODREJCP,Godrej Consumer,GCP,GODREJCP,/india/stockpricequote/personalcare/godrejconsumerproducts/GCP
GALLISPAT,Godrej Ind,GI23,GALLISPAT,/india/stockpricequote/personalcare/godrejindustries/GI23
GODREJPROP,Godrej Prop,GP11,GODREJPROP,/india/stockpricequote/constructioncontractingrealestate/godrejproperties/GP11
GRETEX,Granules India,GI25,GRETEX,/india/stockpricequote/pharmaceuticals/granulesindia/GI25
GRAPHITE,Graphite India,GI13,GRAPHITE,/india/stockpricequote/electrodesgraphite/graphiteindia/GI13
GRASIM,Grasim,GI01,GRASIM,/india/stockpricequote/diversified/grasimindustries/GI01
GRINDWELL,Grindwell Norto,GN,GRINDWELL,/india/stockpricequote/abrasives/grindwellnorton/GN
GSFC,GSFC,GSF,GSFC,/india/stockpricequote/fertilisers/gujaratstatefertilizerschemicals/GSF
GUJALKALI,Guj Alkali,GAC01,GUJALKALI,/india/stockpricequote/chemicals/gujaratalkalieschemicals/GAC01
GAEL,Guj Amb Exports,GAE,GAEL,/india/stockpricequote/foodprocessing/gujaratambujaexports/GAE
GSPL,Guj State Petro,GSP02,GSPL,/india/stockpricequote/oildrillingandexploration/gujaratstatepetronet/GSP02
FLUOROCHEM,Gujarat Fluoro,GUJAR54281,FLUOROCHEM,/india/stockpricequote/chemicals/gujaratfluorochemicalslimited/GUJAR54281
GUJGASLTD,Gujarat Gas,GGC,GUJGASLTD,/india/stockpricequote/oildrillingandexploration/gujaratgas/GGC
GPPL,Gujarat Pipavav,GPP03,GPPL,/india/stockpricequote/shipping/gujaratpipavavport/GPP03
GULFOILLUB,Gulf Oil Lubric,GOL01,GULFOILLUB,/india/stockpricequote/lubricants/gulfoillubricantsindia/GOL01
HATSUN,Hatsun Agro,HAP,HATSUN,/india/stockpricequote/foodprocessing/hatsunagroproducts/HAP
HAVELLS,Havells India,HI01,HAVELLS,/india/stockpricequote/electricequipment/havellsindia/HI01
HCLTECH,HCL Tech,HCL02,HCLTECH,/india/stockpricequote/computerssoftware/hcltechnologies/HCL02
HDFC,HDFC,HDF,HDFC,/india/stockpricequote/financehousing/housingdevelopmentfinancecorporation/HDF
HDFCAMC,HDFC AMC,HAM02,HDFCAMC,/india/stockpricequote/financeinvestments/hdfcassetmanagementcompany/HAM02
HDFCBANK,HDFC Bank,HDF01,HDFCBANK,/india/stockpricequote/banksprivatesector/hdfcbank/HDF01
HDFCLIFE,HDFC Life,HSL01,HDFCLIFE,/india/stockpricequote/lifehealthinsurance/hdfclifeinsurancecompany/HSL01
HEG,HEG,HEG,HEG,/india/stockpricequote/electrodesgraphite/heg/HEG
HEROMOTOCO,Hero Motocorp,HHM,HEROMOTOCO,/india/stockpricequote/auto23wheelers/heromotocorp/HHM
HFCL,HFCL,HFC,HFCL,/india/stockpricequote/telecommunicationsequipment/hfcl/HFC
HSCL,Himadri Special,HCI01,HSCL,/india/stockpricequote/chemicals/himadrispecialitychemical/HCI01
HINDCOPPER,Hind Copper,HC07,HINDCOPPER,/india/stockpricequote/metalsnonferrous/hindustancopper/HC07
HINDZINC,Hind Zinc,HZ,HINDZINC,/india/stockpricequote/metalsnonferrous/hindustanzinc/HZ
HAL,Hindustan Aeron,HAL,HAL,/india/stockpricequote/diversified/hindustanaeronauticsltd/HAL
HPAL,Honeywell Autom,HA04,HPAL,/india/stockpricequote/telecommunicationsequipment/honeywellautomation/HA04
HINDPETRO,HPCL,HPC,HINDPETRO,/india/stockpricequote/refineries/hindustanpetroleumcorporation/HPC
HUDCO,HUDCO,HUD,HUDCO,/india/stockpricequote/constructioncontractingrealestate/housingurbandevelopmentcorporation/HUD
HUHTAMAKI,Huhtamaki India,PP,HUHTAMAKI,/india/stockpricequote/packaging/huhtamakiindia/PP
ICICIBANK,ICICI Bank,ICI02,ICICIBANK,/india/stockpricequote/banksprivatesector/icicibank/ICI02
ICICIGI,ICICI Lombard ,ILG,ICICIGI,/india/stockpricequote/lifehealthinsurance/icicilombardgeneralinsurancecompany/ILG
ICICIPRULI,ICICI Prudentia,IPL01,ICICIPRULI,/india/stockpricequote/financegeneral/iciciprudentiallifeinsurancecompany/IPL01
ABCEDSWA,IDBI Bank,IDB05,ABCEDSWA,/india/stockpricequote/bankprivate/idbibank/IDB05
IDFC,IDFC,IDF,IDFC,/india/stockpricequote/financetermlendinginstitutions/idfc/IDF
IDFCFIRSTB,IDFC First Bank,IDF01,IDFCFIRSTB,/india/stockpricequote/bankprivate/idfcfirstbank/IDF01
IEX,IEX,IEE,IEX,/india/stockpricequote/diversified/indianenergyexchange/IEE
IFBIND,IFB Industries,IFB02,IFBIND,/india/stockpricequote/consumergoodswhitegoods/ifbindustries/IFB02
IGL,IGL,IG04,IGL,/india/stockpricequote/oildrillingandexploration/indraprasthagas/IG04
IIFL,IIFL Finance,II15,IIFL,/india/stockpricequote/financegeneral/iiflfinance/II15
INDIACEM,India Cements,IC,INDIACEM,/india/stockpricequote/cementmajor/indiacements/IC
IBULHSGFIN,Indiabulls Hsg,IHF01,IBULHSGFIN,/india/stockpricequote/financehousing/indiabullshousingfinance/IHF01
IBREALEST,Indiabulls Real,IRE01,IBREALEST,/india/stockpricequote/constructioncontractingrealestate/indiabullsrealestate/IRE01
INDIANB,Indian Bank,IB04,INDIANB,/india/stockpricequote/bankspublicsector/indianbank/IB04
INDHOTEL,Indian Hotels,IHC,INDHOTEL,/india/stockpricequote/hotels/indianhotelscompany/IHC
ICIL,Indo Count,ICI07,ICIL,/india/stockpricequote/textilesspinningcottonblended/indocountindustries/ICI07
INDOCO,Indoco Remedies,IR05,INDOCO,/india/stockpricequote/pharmaceuticals/indocoremedies/IR05
INDUSINDBK,IndusInd Bank,IIB,INDUSINDBK,/india/stockpricequote/banksprivatesector/indusindbank/IIB
INFIBEAM,Infibeam Avenue,IIL03,INFIBEAM,/india/stockpricequote/miscellaneous/infibeamavenues/IIL03
NAUKRI,Info Edge,IEI01,NAUKRI,/india/stockpricequote/miscellaneous/infoedgeindia/IEI01
INFY,Infosys,IT,INFY,/india/stockpricequote/computerssoftware/infosys/IT
INGERRAND,Ingersoll Rand,IRI01,INGERRAND,/india/stockpricequote/compressors/ingersollrandindia/IRI01
INOXLEISUR,INOX Leisure,INO01,INOXLEISUR,/india/stockpricequote/mediaentertainment/inoxleisure/INO01
INTELLECT,Intellect Desig,IDA,INTELLECT,/india/stockpricequote/computerssoftware/intellectdesignarena/IDA
IOB,IOB,IOB,IOB,/india/stockpricequote/bankspublicsector/indianoverseasbank/IOB
IOC,IOC,IOC,IOC,/india/stockpricequote/refineries/indianoilcorporation/IOC
IPCALAB,Ipca Labs,IL,IPCALAB,/india/stockpricequote/pharmaceuticals/ipcalaboratories/IL
IRB,IRB Infra,IID01,IRB,/india/stockpricequote/infrastructuregeneral/irbinfrastructuredevelopers/IID01
IRCTC,IRCTC,IRC,IRCTC,/india/stockpricequote/miscellaneous/irctcindianrailwaycateringtourismcorp/IRC
ITC,ITC,ITC,ITC,/india/stockpricequote/cigarettes/itc/ITC
ITI,ITI,ITI,ITI,/india/stockpricequote/telecommunicationsequipment/iti/ITI
IIFLWAM,IWML,IIFLW54277,IIFLWAM,/india/stockpricequote/miscellaneous/iiflwealthmanagementlimited/IIFLW54277
JKCEMENT,J. K. Cement,JKC03,JKCEMENT,/india/stockpricequote/cementmajor/jkcement/JKC03
JAMNAAUTO,Jamna Auto,JAI,JAMNAAUTO,/india/stockpricequote/autoancillaries/jamnaautoindustries/JAI
JSLHISAR,Jindal (Hisar),JSH,JSLHISAR,/india/stockpricequote/steellarge/jindalstainlesshisar/JSH
JINDALSTEL,Jindal Steel,JSP,JINDALSTEL,/india/stockpricequote/steelspongeiron/jindalsteelpower/JSP
JUBLFOOD,Jubilant Food,JF04,JUBLFOOD,/india/stockpricequote/miscellaneous/jubilantfoodworks/JF04
JDORGOCHEM,Just Dial,JD,JDORGOCHEM,/india/stockpricequote/miscellaneous/justdial/JD
JYOTHYLAB,Jyothy Labs,JL,JYOTHYLAB,/india/stockpricequote/personalcare/jyothylabs/JL
KAJARIACER,Kajaria Ceramic,KC06,KAJARIACER,/india/stockpricequote/ceramicsgranite/kajariaceramics/KC06
KALPATPOWR,Kalpataru Power,KPT,KALPATPOWR,/india/stockpricequote/powertransmissionequipment/kalpatarupowertransmission/KPT
KARURVYSYA,Karur Vysya,KVB,KARURVYSYA,/india/stockpricequote/banksprivatesector/karurvysyabank/KVB
KSCL,Kaveri Seed,KSC01,KSCL,/india/stockpricequote/miscellaneous/kaveriseedcompany/KSC01
KEI,KEI Industries,KEI,KEI,/india/stockpricequote/cablespowerothers/keiindustries/KEI
KNRCON,KNR Construct,KC13,KNRCON,/india/stockpricequote/constructioncontractingcivil/knrconstructions/KC13
KPITTECH,KPIT Tech,KPITT54265,KPITTECH,/india/stockpricequote/itservicesconsulting/kpittechnologies/KPITT54265
KSB,KSB Pumps,KSB,KSB,/india/stockpricequote/pumps/ksb/KSB
L&TFH,L&T Finance,LFH,L&TFH,/india/stockpricequote/financeinvestments/ltfinanceholdings/LFH
LATTEYS,L&T Infotech,LI12,LATTEYS,/india/stockpricequote/computerssoftware/larsentoubroinfotech/LI12
LTTS,L&T Technology,LTS,LTTS,/india/stockpricequote/computerssoftware/lttechnologyservices/LTS
LAXMIMACH,Lakshmi Machine,LMW,LAXMIMACH,/india/stockpricequote/textilesmachinery/lakshmimachineworks/LMW
LT,Larsen,LT,LT,/india/stockpricequote/infrastructuregeneral/larsentoubro/LT
LOVABLE,Laurus Labs,LL05,LOVABLE,/india/stockpricequote/pharmaceuticals/lauruslabs/LL05
LEMONTREE,Lemon Tree Hote,LTH,LEMONTREE,/india/stockpricequote/hotels/lemontreehotelsltd/LTH
LICHSGFIN,LIC Housing Fin,LIC,LICHSGFIN,/india/stockpricequote/financehousing/lichousingfinance/LIC
LINDEINDIA,Linde India,BOC,LINDEINDIA,/india/stockpricequote/chemicals/lindeindia/BOC
TRENT,Lupin,L,TRENT,/india/stockpricequote/pharmaceuticals/lupin/L
LUXIND,Lux Industries,LHI,LUXIND,/india/stockpricequote/textilesprocessing/luxindustries/LHI
M&M,M&M,MM,M&M,/india/stockpricequote/autocarsjeeps/mahindramahindra/MM
MAHSCOOTER,Mah Scooters,MS01,MAHSCOOTER,/india/stockpricequote/auto23wheelers/maharashtrascooters/MS01
MAHSEAMLES,Mah Seamless,MS02,MAHSEAMLES,/india/stockpricequote/steeltubespipes/maharashtraseamless/MS02
MGL,Mahanagar Gas,MG02,MGL,/india/stockpricequote/refineries/mahanagargas/MG02
MUTHOOTFIN,Mahindra CIE,MF19,MUTHOOTFIN,/india/stockpricequote/castingsforgings/mahindracieautomotive/MF19
MHRIL,Mahindra Holida,MHR,MHRIL,/india/stockpricequote/hotels/mahindraholidaysresortsindia/MHR
SPICEJET,Mahindra Logist,ML04,SPICEJET,/india/stockpricequote/diversified/mahindralogistics/ML04
MANAPPURAM,Manappuram Fin,MGF01,MANAPPURAM,/india/stockpricequote/financeleasinghirepurchase/manappuramfinance/MGF01
MATRIMONY,Marico,M13,MATRIMONY,/india/stockpricequote/personalcare/marico/M13
MANAKSTEEL,Maruti Suzuki,MS24,MANAKSTEEL,/india/stockpricequote/autocarsjeeps/marutisuzukiindia/MS24
MASFIN,MAS Financial S,MFS09,MASFIN,/india/stockpricequote/financegeneral/masfinancialservices/MFS09
MFSL,Max Financial,MI,MFSL,/india/stockpricequote/financeinvestments/maxfinancialservices/MI
MCX,MCX India,MCE,MCX,/india/stockpricequote/miscellaneous/multicommodityexchangeindia/MCE
BLUECOAST,Metropolis,MH06,BLUECOAST,/india/stockpricequote/hospitalsmedicalservices/metropolishealthcare/MH06
MINDPOOL,Mindtree,MT13,MINDPOOL,/india/stockpricequote/computerssoftware/mindtree/MT13
MIDHANI,Mishra Dhatu Ni,MDN,MIDHANI,/india/stockpricequote/miscellaneous/mishradhatunigamltd/MDN
MMTC,MMTC Ltd,MMT,MMTC,/india/stockpricequote/trading/mmtc/MMT
MOTILALOFS,Motilal Oswal,MOF01,MOTILALOFS,/india/stockpricequote/financegeneral/motilaloswalfinancialservices/MOF01
MRF,MRF,MRF,MRF,/india/stockpricequote/tyres/mrf/MRF
MRPL,MRPL,MRP,MRPL,/india/stockpricequote/refineries/mangalorerefinerypetrochemicals/MRP
NATIONALUM,NALCO,NAC,NATIONALUM,/india/stockpricequote/aluminium/nationalaluminiumcompany/NAC
NH,Narayana Hruda,NH,NH,/india/stockpricequote/hospitalsmedicalservices/narayanahrudayalaya/NH
PEL,Natco Pharma,NP07,PEL,/india/stockpricequote/pharmaceuticals/natcopharma/NP07
NCC,NCC,NCC01,NCC,/india/stockpricequote/constructioncontractingcivil/ncc/NCC01
NESTLEIND,Nestle,NI,NESTLEIND,/india/stockpricequote/foodprocessing/nestleindia/NI
NIACL,New India Assur,NIA,NIACL,/india/stockpricequote/miscellaneous/newindiaassurancecompany/NIA
NFL,NFL,NF06,NFL,/india/stockpricequote/fertilisers/nationalfertilizers/NF06
NHPC,NHPC,N07,NHPC,/india/stockpricequote/powergenerationdistribution/nhpc/N07
NILKAMAL,Nilkamal,NP08,NILKAMAL,/india/stockpricequote/plastics/nilkamal/NP08
NAM-INDIA,Nippon,RNL,NAM-INDIA,/india/stockpricequote/miscellaneous/nipponlifeindiaassetmanagement/RNL
NLCINDIA,NLC India,NLC,NLCINDIA,/india/stockpricequote/powergenerationdistribution/nlcindia/NLC
NTPC,NTPC,NTP,NTPC,/india/stockpricequote/powergenerationdistribution/ntpc/NTP
OBEROIRLTY,Oberoi Realty,OR,OBEROIRLTY,/india/stockpricequote/constructioncontractingrealestate/oberoirealty/OR
OIL,Oil India,OI13,OIL,/india/stockpricequote/oildrillingandexploration/oilindia/OI13
ONGC,ONGC,ONG,ONGC,/india/stockpricequote/oildrillingandexploration/oilnaturalgascorporation/ONG
PAGEIND,Page Industries,PI35,PAGEIND,/india/stockpricequote/textilesreadymadeapparels/pageindustries/PI35
PCBL,PCBL,PCB01,PCBL,/india/stockpricequote/carbonblack/pcbl/PCB01
PERSISTENT,Persistent,PS15,PERSISTENT,/india/stockpricequote/computerssoftware/persistentsystems/PS15
PETRONET,Petronet LNG,PLN,PETRONET,/india/stockpricequote/oildrillingandexploration/petronetlng/PLN
PFIZER,Pfizer,P,PFIZER,/india/stockpricequote/pharmaceuticals/pfizer/P
PHOENIXLTD,Phoenix Mills,PM02,PHOENIXLTD,/india/stockpricequote/constructioncontractingrealestate/phoenixmills/PM02
PIIND,PI Industries,PII,PIIND,/india/stockpricequote/pesticidesagrochemicals/piindustries/PII
PIDILITIND,Pidilite Ind,PI11,PIDILITIND,/india/stockpricequote/chemicals/pidiliteindustries/PI11
PNEUMATIC,Piramal Enter,PH05,PNEUMATIC,/india/stockpricequote/pharmaceuticals/piramalenterprises/PH05
PNB,PNB,PNB05,PNB,/india/stockpricequote/bankspublicsector/punjabnationalbank/PNB05
PNBHOUSING,PNB Housing Fin,PHF,PNBHOUSING,/india/stockpricequote/financehousing/pnbhousingfinance/PHF
POLYMED,Poly Medicure,PM06,POLYMED,/india/stockpricequote/hospitalsmedicalservices/polymedicure/PM06
POLYPLEX,Polyplex Corp,PC08,POLYPLEX,/india/stockpricequote/packaging/polyplexcorporation/PC08
PFC,Power Finance,PFC02,PFC,/india/stockpricequote/financetermlendinginstitutions/powerfinancecorporation/PFC02
POWERGRID,Power Grid Corp,PGC,POWERGRID,/india/stockpricequote/powergenerationdistribution/powergridcorporationindia/PGC
PRESTIGE,Prestige Estate,PEP02,PRESTIGE,/india/stockpricequote/constructioncontractingrealestate/prestigeestatesprojects/PEP02
PRSMJOHNSN,Prism Johnson,PC,PRSMJOHNSN,/india/stockpricequote/cementmajor/prismjohnson/PC
AURUM,Procter&Gamble,M12,AURUM,/india/stockpricequote/pharmaceuticals/proctergamblehealth/M12
PVR,PVR,PVR,PVR,/india/stockpricequote/mediaentertainment/pvr/PVR
QUESS,Quess Corp,QC,QUESS,/india/stockpricequote/engineering/quesscorp/QC
RADICO,Radico Khaitan,RK01,RADICO,/india/stockpricequote/breweriesdistilleries/radicokhaitan/RK01
RVNL,Rail Vikas,RVN,RVNL,/india/stockpricequote/miscellaneous/railvikasnigam/RVN
RUPA,Rain Industries,RC12,RUPA,/india/stockpricequote/cementmajor/rainindustries/RC12
RAJESHEXPO,Rajesh Exports,RE07,RAJESHEXPO,/india/stockpricequote/diamondcuttingjewellerypreciousmetals/rajeshexports/RE07
RALLIS,Rallis India,RI03,RALLIS,/india/stockpricequote/pesticidesagrochemicals/rallisindia/RI03
RAMCOCEM,Ramco Cements,MC,RAMCOCEM,/india/stockpricequote/cementmajor/theramcocements/MC
RCF,Rashtriya Chem,RCF01,RCF,/india/stockpricequote/fertilisers/rashtriyachemicalsfertilisers/RCF01
RATNAMANI,Ratnamani Metal,RMT,RATNAMANI,/india/stockpricequote/steeltubespipes/ratnamanimetalstubes/RMT
RAYMOND,Raymond,R,RAYMOND,/india/stockpricequote/textileswoollenworsted/raymond/R
RECLTD,REC,REC02,RECLTD,/india/stockpricequote/financetermlendinginstitutions/rec/REC02
REDINGTON,Redington,RI37,REDINGTON,/india/stockpricequote/computershardware/redingtonindia/RI37
RELAXO,Relaxo Footwear,RF07,RELAXO,/india/stockpricequote/leatherproducts/relaxofootwears/RF07
RELIANCE,Reliance,RI,RELIANCE,/india/stockpricequote/refineries/relianceindustries/RI
RESPONIND,Responsive Ind,SH10,RESPONIND,/india/stockpricequote/constructioncontractingcivil/responsiveindustries/SH10
RHIM,RHI Magnesita,OR01,RHIM,/india/stockpricequote/cementproductsbuildingmaterials/rhimagnesitaindia/OR01
SAIL,SAIL,SAI,SAIL,/india/stockpricequote/steellarge/steelauthorityindia/SAI
ADANIPOWER,Sanofi India,AP26,ADANIPOWER,/india/stockpricequote/pharmaceuticals/sanofiindia/AP26
SBIN,SBI,SBI,SBIN,/india/stockpricequote/bankspublicsector/statebankindia/SBI
SBILIFE,SBI Life Insura,SLI03,SBILIFE,/india/stockpricequote/diversified/sbilifeinsurancecompany/SLI03
SCHNEIDER,Schneider Infra,SEI04,SCHNEIDER,/india/stockpricequote/powergenerationdistribution/schneiderelectricinfrastructure/SEI04
SOTL,Sharda Crop,SC04,SOTL,/india/stockpricequote/pesticidesagrochemicals/shardacropchem/SC04
SCI,Shipping Corp,SCI,SCI,/india/stockpricequote/shipping/shippingcorporationindia/SCI
SHOPERSTOP,Shoppers Stop,SS51,SHOPERSTOP,/india/stockpricequote/retail/shoppersstop/SS51
SHREECEM,Shree Cements,SC12,SHREECEM,/india/stockpricequote/cementmajor/shreecements/SC12
SHRIRAMCIT,Shriram City,SCU,SHRIRAMCIT,/india/stockpricequote/financeleasinghirepurchase/shriramcityunionfinance/SCU
SRTRANSFIN,Shriram Trans,STF,SRTRANSFIN,/india/stockpricequote/financeleasinghirepurchase/shriramtransportfinancecorporation/STF
SIEMENS,Siemens,S,SIEMENS,/india/stockpricequote/infrastructuregeneral/siemens/S
SHAREINDIA,SIS,SIS08,SHAREINDIA,/india/stockpricequote/miscellaneous/sis/SIS08
OFSS,SJVN,S11,OFSS,/india/stockpricequote/powergenerationdistribution/sjvn/S11
SOBHA,Sobha,SD6,SOBHA,/india/stockpricequote/constructioncontractingrealestate/sobha/SD6
SONATSOFTW,Sonata,SS42,SONATSOFTW,/india/stockpricequote/computerssoftwaremediumsmall/sonatasoftware/SS42
SRF,SRF,SRF,SRF,/india/stockpricequote/diversified/srf/SRF
STARCEMENT,Star Cement,SFC02,STARCEMENT,/india/stockpricequote/cementmajor/starcement/SFC02
STAR,Strides Pharma ,SA10,STAR,/india/stockpricequote/pharmaceuticals/stridespharmascience/SA10
SUMICHEM,SUMITOMO,SUMIC54292,SUMICHEM,/india/stockpricequote/pesticidesagrochemicals/sumitomochemicalindialimite/SUMIC54292
SUNPHARMA,Sun Pharma,SPI,SUNPHARMA,/india/stockpricequote/pharmaceuticals/sunpharmaceuticalindustries/SPI
SPARC,Sun Pharma Adv,SPA,SPARC,/india/stockpricequote/pharmaceuticals/sunpharmaadvancedresearchcompany/SPA
SUNDARMFIN,Sundaram Fin,SF20,SUNDARMFIN,/india/stockpricequote/financeleasinghirepurchase/sundaramfinance/SF20
SUNCLAYLTD,Sundaram-Clayto,SC,SUNCLAYLTD,/india/stockpricequote/autoancillaries/sundaramclayton/SC
SUPRAJIT,Suprajit Eng,SE15,SUPRAJIT,/india/stockpricequote/autoancillaries/suprajitengineering/SE15
SUPREMEIND,Supreme Ind,SI48,SUPREMEIND,/india/stockpricequote/plastics/supremeindustries/SI48
SUPPETRO,Supreme Petro,SP,SUPPETRO,/india/stockpricequote/petrochemicals/supremepetrochem/SP
SUZLON,Suzlon Energy,SE17,SUZLON,/india/stockpricequote/powergenerationdistribution/suzlonenergy/SE17
SWANENERGY,Swan Energy,SM09,SWANENERGY,/india/stockpricequote/trading/swanenergy/SM09
SYMPHONY,Symphony,SCS04,SYMPHONY,/india/stockpricequote/consumergoodswhitegoods/symphony/SCS04
UPL,Syngene Intl,SI10,UPL,/india/stockpricequote/miscellaneous/syngeneinternational/SI10
TANLA,Tanla Platforms,TS11,TANLA,/india/stockpricequote/computerssoftwaremediumsmall/tanlaplatforms/TS11
TASTYBITE,Tasty Bite,TBE,TASTYBITE,/india/stockpricequote/foodprocessing/tastybiteeatables/TBE
TATACHEM,Tata Chemicals,TC,TATACHEM,/india/stockpricequote/chemicals/tatachemicals/TC
TATACONSUM,TATA Cons. Prod,TT,TATACONSUM,/india/stockpricequote/plantationsteacoffee/tataconsumerproducts/TT
TATAINVEST,Tata Inv Corp,TIC,TATAINVEST,/india/stockpricequote/financeinvestments/tatainvestmentcorporation/TIC
TATAPOWER,Tata Power,TPC,TATAPOWER,/india/stockpricequote/powergenerationdistribution/tatapowercompany/TPC
TATASTEEL,Tata Steel,TIS,TATASTEEL,/india/stockpricequote/ironsteel/tatasteel/TIS
TCNSBRANDS,TCNS Clothing C,TCC,TCNSBRANDS,/india/stockpricequote/textilesgeneral/tcnsclothingco/TCC
TCS,TCS,TCS,TCS,/india/stockpricequote/computerssoftware/tataconsultancyservices/TCS
TECHM,Tech Mahindra,TM4,TECHM,/india/stockpricequote/computerssoftware/techmahindra/TM4
THERMAX,Thermax,T,THERMAX,/india/stockpricequote/infrastructuregeneral/thermax/T
TITAN,Titan Company,TI01,TITAN,/india/stockpricequote/miscellaneous/titancompany/TI01
TATAMTRDVR,TML-D,TATAM57000,TATAMTRDVR,/india/stockpricequote/automobilelcvshvcs/tatamotorsdvr/TATAM57000
TORNTPHARM,Torrent Pharma,TP06,TORNTPHARM,/india/stockpricequote/pharmaceuticals/torrentpharmaceuticals/TP06
TRIDENT,Trident,AI01,TRIDENT,/india/stockpricequote/textilesspinningcottonblended/trident/AI01
THYROCARE,Triveni Turbine,TT14,THYROCARE,/india/stockpricequote/electricequipment/triveniturbine/TT14
TTKPRESTIG,TTK Prestige,TTK02,TTKPRESTIG,/india/stockpricequote/domesticappliances/ttkprestige/TTK02
TVSMOTOR,TVS Motor,TVS,TVSMOTOR,/india/stockpricequote/auto23wheelers/tvsmotorcompany/TVS
UCOBANK,UCO Bank,UCO,UCOBANK,/india/stockpricequote/bankspublicsector/ucobank/UCO
UJJIVAN,Ujjivan Financi,UFS01,UJJIVAN,/india/stockpricequote/financegeneral/ujjivanfinancialservices/UFS01
UNIONBANK,Union Bank,UBI01,UNIONBANK,/india/stockpricequote/bankspublicsector/unionbankindia/UBI01
VAKRANGEE,V-Guard Ind,VI02,VAKRANGEE,/india/stockpricequote/electricequipment/vguardindustries/VI02
VMART,V-Mart Retail,VR03,VMART,/india/stockpricequote/retail/vmartretail/VR03
VAIBHAVGBL,Vaibhav Global,VG02,VAIBHAVGBL,/india/stockpricequote/retail/vaibhavglobal/VG02
VALIANTORG,Valiant Organic,VO03,VALIANTORG,/india/stockpricequote/chemicals/valiantorganics/VO03
VARROC,Varroc Engineer,VE08,VARROC,/india/stockpricequote/engineeringheavy/varrocengineering/VE08
VBL,Varun Beverages,VB05,VBL,/india/stockpricequote/foodprocessing/varunbeverages/VB05
VEDL,Vedanta,SG,VEDL,/india/stockpricequote/miningminerals/vedanta/SG
VINATIORGA,Vinati Organics,VO01,VINATIORGA,/india/stockpricequote/chemicals/vinatiorganics/VO01
VIPIND,VIP Industries,VIP,VIPIND,/india/stockpricequote/householdpersonalproducts/vipindustries/VIP
IDEA,Vodafone Idea,IC8,IDEA,/india/stockpricequote/telecommunicationsservice/vodafoneidealimited/IC8
VOLTAS,Voltas,V,VOLTAS,/india/stockpricequote/diversified/voltas/V
VSTIND,VST,VST,VSTIND,/india/stockpricequote/cigarettes/vstindustries/VST
WABCOINDIA,WABCO India,WAB,WABCOINDIA,/india/stockpricequote/autoancillaries/wabcoindia/WAB
WELCORP,Welspun Corp,WGS,WELCORP,/india/stockpricequote/steeltubespipes/welspuncorp/WGS
WELSPUNIND,Welspun India,WI03,WELSPUNIND,/india/stockpricequote/textilesweaving/welspunindia/WI03
WESTLIFE,Westlife Dev,DIC,WESTLIFE,/india/stockpricequote/hotels/westlifedevelopment/DIC
WHIRLPOOL,Whirlpool,WI,WHIRLPOOL,/india/stockpricequote/consumergoodswhitegoods/whirlpoolindia/WI
WIPRO,Wipro,W,WIPRO,/india/stockpricequote/computerssoftware/wipro/W
WOCKPHARMA,Wockhardt,W05,WOCKPHARMA,/india/stockpricequote/pharmaceuticals/wockhardt/W05
YESBANK,Yes Bank,YB,YESBANK,/india/stockpricequote/banksprivatesector/yesbank/YB
